OK	FastCutSeries	MR1 - The shop before.mp4	400791628	https://d2ol7oe51mr4n9.cloudfront.net/user_3EmIbqAsNEPTa3GqLOpFdlVHf2Z/a408b7ce-3ad0-4ad3-9ed0-46b748cd1f88.mp4
OK	FastCutSeries	MR2 - LED trim goes in.mp4	493311441	https://d2ol7oe51mr4n9.cloudfront.net/user_3EmIbqAsNEPTa3GqLOpFdlVHf2Z/78be4b22-1c4f-41f3-88cd-003552e6ec23.mp4
OK	FastCutSeries	MR3 - Drilling and the frame.mp4	275358800	https://d2ol7oe51mr4n9.cloudfront.net/user_3EmIbqAsNEPTa3GqLOpFdlVHf2Z/fde572df-e255-4829-b3a8-7ba546b83a36.mp4
OK	FastCutSeries	MR4 - First car rolls in.mp4	316741230	https://d2ol7oe51mr4n9.cloudfront.net/user_3EmIbqAsNEPTa3GqLOpFdlVHf2Z/121193d2-4094-41ac-93df-796634b2701b.mp4
OK	FastCutSeries	MR5 - Raising the ceiling.mp4	411221713	https://d2ol7oe51mr4n9.cloudfront.net/user_3EmIbqAsNEPTa3GqLOpFdlVHf2Z/f15c2dfa-a654-47eb-9aee-bac2413eae10.mp4
OK	FastCutSeries	MR6 - Panels up, car on lift.mp4	334386903	https://d2ol7oe51mr4n9.cloudfront.net/user_3EmIbqAsNEPTa3GqLOpFdlVHf2Z/b759eb5b-b07b-40df-8c56-436a34bf3f92.mp4
OK	FastCutSeries	MR7 - Aston Martin brake job.mp4	356055321	https://d2ol7oe51mr4n9.cloudfront.net/user_3EmIbqAsNEPTa3GqLOpFdlVHf2Z/24b932a6-7c50-4032-8615-d1b1edebff0e.mp4
OK	FastCutSeries	MR8 - SF90 pulls up.mp4	451670381	https://d2ol7oe51mr4n9.cloudfront.net/user_3EmIbqAsNEPTa3GqLOpFdlVHf2Z/aed877d4-f282-4c2d-a47d-7246894bf42e.mp4
OK	Singles	01 - Garage walkthrough.mp4	466699199	https://d2ol7oe51mr4n9.cloudfront.net/user_3EmIbqAsNEPTa3GqLOpFdlVHf2Z/2564162f-9d2e-4384-adc1-f32c43e7a02d.mp4
OK	Singles	02 - Product to camera.mp4	361725827	https://d2ol7oe51mr4n9.cloudfront.net/user_3EmIbqAsNEPTa3GqLOpFdlVHf2Z/9368bcb8-bb28-4f8d-9654-11fd3d9f6ea6.mp4
OK	Singles	03 - Laying out LED trim.mp4	563568076	https://d2ol7oe51mr4n9.cloudfront.net/user_3EmIbqAsNEPTa3GqLOpFdlVHf2Z/13adbdf7-289c-4943-a5c3-87d037e8b2ee.mp4
OK	Singles	04 - Quick piece to camera.mp4	59400996	https://d2ol7oe51mr4n9.cloudfront.net/user_3EmIbqAsNEPTa3GqLOpFdlVHf2Z/65c6d3b7-d1a8-4512-93a9-fa424eae1243.mp4
OK	Singles	05 - Cutting trim to length.mp4	428944331	https://d2ol7oe51mr4n9.cloudfront.net/user_3EmIbqAsNEPTa3GqLOpFdlVHf2Z/2e6307aa-b3fc-4996-bcfd-a3684f3c9f58.mp4
OK	Singles	06 - Drilling the trim strips.mp4	334036100	https://d2ol7oe51mr4n9.cloudfront.net/user_3EmIbqAsNEPTa3GqLOpFdlVHf2Z/1db96eab-a453-402e-a659-15140c1c824b.mp4
OK	Singles	07 - Building the frame.mp4	219617007	https://d2ol7oe51mr4n9.cloudfront.net/user_3EmIbqAsNEPTa3GqLOpFdlVHf2Z/bbdf6c12-9614-43d2-89ba-2daadcd2da9e.mp4
OK	Singles	08 - On the forklift.mp4	265339034	https://d2ol7oe51mr4n9.cloudfront.net/user_3EmIbqAsNEPTa3GqLOpFdlVHf2Z/d1a76fb6-a064-4980-9030-a39694347680.mp4
OK	Singles	09 - GT3 rolling in.mp4	311371921	https://d2ol7oe51mr4n9.cloudfront.net/user_3EmIbqAsNEPTa3GqLOpFdlVHf2Z/38d449d8-0edc-45f6-ae15-218dc4e1fc80.mp4
OK	Singles	10 - Raising the ceiling beam.mp4	343887484	https://d2ol7oe51mr4n9.cloudfront.net/user_3EmIbqAsNEPTa3GqLOpFdlVHf2Z/e247a4bb-3894-47d1-b89b-f26ccd9fa360.mp4
OK	Singles	11 - Mixing epoxy.mp4	473282851	https://d2ol7oe51mr4n9.cloudfront.net/user_3EmIbqAsNEPTa3GqLOpFdlVHf2Z/65871d6c-908c-4df1-9dfd-b711ecb2499b.mp4
OK	Singles	12 - Ceiling panel install.mp4	399977482	https://d2ol7oe51mr4n9.cloudfront.net/user_3EmIbqAsNEPTa3GqLOpFdlVHf2Z/2104863d-05a6-4040-b919-815242e95a15.mp4
OK	Singles	13 - Black car on the lift.mp4	268245957	https://d2ol7oe51mr4n9.cloudfront.net/user_3EmIbqAsNEPTa3GqLOpFdlVHf2Z/fa9e0f32-51f3-4e52-bb1a-e912aecbef40.mp4
OK	Singles	14 - Aston Martin brakes.mp4	322174197	https://d2ol7oe51mr4n9.cloudfront.net/user_3EmIbqAsNEPTa3GqLOpFdlVHf2Z/37a8f5bb-134a-43a1-b822-5e56fdec5917.mp4
OK	Singles	15 - Teal brakes and ryft wheels.mp4	313551214	https://d2ol7oe51mr4n9.cloudfront.net/user_3EmIbqAsNEPTa3GqLOpFdlVHf2Z/3e3814d3-ece1-4432-b5b3-66da0c1d660f.mp4
OK	Singles	16 - Wheels off.mp4	131669534	https://d2ol7oe51mr4n9.cloudfront.net/user_3EmIbqAsNEPTa3GqLOpFdlVHf2Z/0ddafd89-32e9-472e-b939-e6106c1c3c3a.mp4
OK	Singles	17 - Matte black wheel work.mp4	334288370	https://d2ol7oe51mr4n9.cloudfront.net/user_3EmIbqAsNEPTa3GqLOpFdlVHf2Z/688d2593-b4b0-4afb-8528-34e80625375d.mp4
OK	Singles	18 - Red supercar.mp4	591700049	https://d2ol7oe51mr4n9.cloudfront.net/user_3EmIbqAsNEPTa3GqLOpFdlVHf2Z/f88c7a50-5672-4ac3-a63f-fbcbb9b64f87.mp4
